# artist	album	track	title	seconds
AURORA	The Gods We Can Touch	1	Artemis	159
AURORA	The Gods We Can Touch	2	Blood In The Wine	210
AURORA	The Gods We Can Touch	3	Cure For Me	199
AURORA	The Gods We Can Touch	4	Exist For Love	251
AURORA	The Gods We Can Touch	5	Giving In To The Love	181
AURORA	The Gods We Can Touch	6	Heathens	225
AURORA	The Gods We Can Touch	7	The Innocent	207
Ngọt	3 (tuyển tập nhạc Ngọt mới trẻ sôi động 2019)	7	CHUYỂN KÊNH (sản phẩm này không phải là thuốc)	274
Ngọt	3 (tuyển tập nhạc Ngọt mới trẻ sôi động 2019)	8	HẾT THỜI	279
Ngọt	3 (tuyển tập nhạc Ngọt mới trẻ sôi động 2019)	12	LẦN CUỐI (đi bên em xót xa người ơi)	223
Ngọt	3 (tuyển tập nhạc Ngọt mới trẻ sôi động 2019)	13	NỨT (đôi chân đôi tay đôi mắt trái tim)	393
Cigarettes After Sex	Cigarettes After Sex	1	Apocalypse	290
Cigarettes After Sex	Cigarettes After Sex	2	K	320
Cigarettes After Sex	Cigarettes After Sex	3	Sunsetz	215
Cigarettes After Sex	Cigarettes After Sex	4	Sweet	292
blink-182	blink-182	1	Feeling This	173
blink-182	blink-182	3	I Miss You	227
blink-182	blink-182	10	Always	252
blink-182	Enema Of The State	5	What's My Age Again？	148
blink-182	Enema Of The State	7	Adam's Song	250
blink-182	Enema Of The State	8	All The Small Things	167
blink-182	Take Off Your Pants And Jacket	3	First Date	172
blink-182	Take Off Your Pants And Jacket	6	The Rock Show	172
blink-182	Take Off Your Pants And Jacket	7	Stay Together For The Kids	239
Lil Nas X	7	2	Panini	115
Lil Nas X	7	8	Old Town Road	113
R E L A X	DAP-curious	1	ＨＥＡＲＴＢＲＯＫＥＮ	159
18.18 OFFICIAL	DAP-curious	1	18.18 - KHÙNG FT. DÍNH, KEVIN PHẠM	220
18.18 OFFICIAL	DAP-curious	2	18.18 - VITAMIN TÌNH IU	215
